learning_rate,epoca,costo_entrenamiento
0.001,1,1.0386392485840081
0.001,2,1.0115575585406875
0.001,3,0.985555476243161
0.001,4,0.9600001478882846
0.001,5,0.9357853562235671
0.001,6,0.9122476353059752
0.001,7,0.8894252404143448
0.001,8,0.8661321541481913
0.001,9,0.8441193588363188
0.001,10,0.8220465702268326
0.001,11,0.8009865915295779
0.001,12,0.7797487097400484
0.001,13,0.7589552033488445
0.001,14,0.7382257429334984
0.001,15,0.7184841753244985
0.001,16,0.6991404068926292
0.001,17,0.6794431647524926
0.001,18,0.6605908177989014
0.001,19,0.6418662581735396
0.001,20,0.6237351948850052
0.001,21,0.6060979318480323
0.001,22,0.5884976477705959
0.001,23,0.571507806817578
0.001,24,0.5552081664652827
0.001,25,0.5391343156537987
0.001,26,0.5234252007589525
0.001,27,0.5078661811349365
0.001,28,0.49305785014811454
0.001,29,0.47882514940704674
0.001,30,0.4647991032215981
0.001,31,0.45095325799033326
0.001,32,0.43794209447797655
0.001,33,0.42500051979307885
0.001,34,0.4128485892506422
0.001,35,0.40094218471659154
0.001,36,0.3891531617985601
0.001,37,0.3778432996034928
0.001,38,0.3671382824180954
0.001,39,0.3566654755304167
0.001,40,0.34652266090610223
0.001,41,0.33659981073561906
0.001,42,0.32710754060594455
0.001,43,0.3183900511559238
0.001,44,0.30936678546223845
0.001,45,0.3009084946528403
0.001,46,0.2927716221531742
0.001,47,0.28498714617191
0.001,48,0.27737938533457374
0.001,49,0.27004243756427226
0.001,50,0.26287928276638617
0.001,51,0.25629752591852367
0.001,52,0.2495400919558838
0.001,53,0.24319797323723577
0.001,54,0.23706663251492885
0.001,55,0.23118642276084092
0.001,56,0.2256412142248335
0.001,57,0.21990426011028924
0.001,58,0.2147554602614961
0.001,59,0.2095301913209402
0.001,60,0.2045953247894469
0.001,61,0.19980835781658926
0.001,62,0.19519510639119628
0.001,63,0.19067455889661827
0.001,64,0.1865384528327846
0.001,65,0.18215941582742576
0.001,66,0.17819963757456572
0.001,67,0.1744124075012665
0.001,68,0.1704370730109184
0.001,69,0.16684255896922742
0.001,70,0.16328463602897672
0.001,71,0.15988408759168618
0.001,72,0.1567047490455266
0.001,73,0.15331203436934907
0.001,74,0.15023567317271444
0.001,75,0.14719451792607635
0.001,76,0.14419177644936618
0.001,77,0.14151591959321952
0.001,78,0.13865177492388342
0.001,79,0.1359653257163755
0.001,80,0.13336426276889754
0.001,81,0.13089628638164688
0.001,82,0.1284202412235762
0.001,83,0.12601384577964836
0.001,84,0.12370317790766915
0.001,85,0.12146072139651368
0.001,86,0.11926343798085028
0.001,87,0.11705193145616377
0.001,88,0.11503687127390232
0.001,89,0.11301158689103429
0.001,90,0.11103473165583397
0.001,91,0.10910319800742536
0.001,92,0.1072474076209831
0.001,93,0.1054391527240976
0.001,94,0.10367300110431704
0.001,95,0.10195638907397286
0.001,96,0.10022639789447076
0.001,97,0.09862347601474146
0.001,98,0.09700643931833033
0.001,99,0.09545281354104418
0.001,100,0.09387869971279118
0.001,101,0.09242277052827434
0.001,102,0.09104043791950527
0.001,103,0.08961151911210839
0.001,104,0.0881285606661739
0.001,105,0.08675203791660868
0.001,106,0.08544596070083534
0.001,107,0.08418821192230552
0.001,108,0.08290572591192398
0.001,109,0.08170686879664893
0.001,110,0.0804846599359417
0.001,111,0.07937227974851739
0.001,112,0.07813478948375438
0.001,113,0.07704919804799769
0.001,114,0.0759120470208715
0.001,115,0.07483932033480992
0.001,116,0.07382698920470025
0.001,117,0.0727240248925093
0.001,118,0.07173545009206056
0.001,119,0.07074116436498734
0.001,120,0.06979071762816634
0.001,121,0.06886358502945703
0.001,122,0.0679117577458651
0.001,123,0.06697146833531221
0.001,124,0.06607011832708413
0.001,125,0.06521521467090716
0.001,126,0.06442516611085473
0.001,127,0.0635088275373693
0.001,128,0.0626353584402631
0.001,129,0.061860950408799326
0.001,130,0.06108608115067789
0.001,131,0.06026222183251735
0.001,132,0.059505948232898655
0.001,133,0.05870223810954617
0.001,134,0.0580094498084046
0.001,135,0.05722229199336489
0.001,136,0.056536946108238145
0.001,137,0.05583723389478116
0.001,138,0.055132819640263175
0.001,139,0.054403724947026125
0.001,140,0.05382269604361337
0.001,141,0.053086884356221435
0.001,142,0.05249060056237998
0.001,143,0.05185441674597372
0.001,144,0.05120916070329669
0.001,145,0.05061285667134353
0.001,146,0.050019228410288934
0.001,147,0.049416126120838566
0.001,148,0.04881964553815436
0.001,149,0.048231804380599326
0.001,150,0.047691236122939656
0.001,151,0.04714310002101876
0.001,152,0.04660852161901183
0.001,153,0.04605999436571719
0.001,154,0.045515265491674936
0.001,155,0.0450566996003496
0.001,156,0.0444925649495455
0.001,157,0.04400556601538429
0.001,158,0.04356642378103426
0.001,159,0.04301364433392311
0.001,160,0.042539332348525576
0.001,161,0.04210150392025006
0.001,162,0.04162061806572545
0.001,163,0.041160445240994735
0.001,164,0.0407153538379253
0.001,165,0.04027003813959619
0.001,166,0.03985364209968563
0.001,167,0.039414813257952055
0.001,168,0.038986056398608936
0.001,169,0.0385750556921278
0.001,170,0.03816037836997447
0.001,171,0.03777886850674953
0.001,172,0.03739193554403399
0.001,173,0.0369748220279852
0.001,174,0.0365891303207165
0.001,175,0.03622842981183514
0.001,176,0.03582773780940479
0.001,177,0.035475593235286075
0.001,178,0.03509830889433716
0.001,179,0.03473856314043298
0.001,180,0.03436366887912392
0.001,181,0.034034850453944804
0.001,182,0.03368841333779278
0.001,183,0.0333409695276581
0.001,184,0.03301942924763145
0.001,185,0.032709650705136914
0.001,186,0.03235978463450259
0.001,187,0.03202209827331779
0.001,188,0.03171598569791152
0.001,189,0.03138886938324592
0.001,190,0.03107988288638251
0.001,191,0.03079569619528158
0.001,192,0.03051394961838649
0.001,193,0.03018635705864532
0.001,194,0.029883478348262407
0.001,195,0.02960570770136947
0.001,196,0.029390411055039103
0.001,197,0.02904333282387386
0.001,198,0.028780207473916866
0.001,199,0.02848094507544841
0.001,200,0.02825059055529788
0.001,201,0.02797417829432756
0.001,202,0.027695310957225893
0.001,203,0.027428922691784464
0.001,204,0.02716345303765088
0.001,205,0.02692633179001908
0.001,206,0.02666963281464488
0.001,207,0.026417690817461134
0.001,208,0.02616663070262122
0.001,209,0.025912861974499664
0.001,210,0.025679754440981285
0.001,211,0.02544619476513182
0.001,212,0.025208868235915928
0.001,213,0.024990737259215377
0.001,214,0.024764914218388098
0.001,215,0.02452981880540523
0.001,216,0.024317604843034323
0.001,217,0.02408690368077353
0.001,218,0.023870608719226107
0.001,219,0.02365818680086129
0.001,220,0.023447860127311784
0.001,221,0.023233494544703134
0.001,222,0.023026507027439035
0.001,223,0.022854589373058044
0.001,224,0.022649543402786996
0.001,225,0.02245027968803052
0.001,226,0.02225262851894972
0.001,227,0.022065548088573396
0.001,228,0.021870388357015283
0.001,229,0.021666273857631393
0.001,230,0.021465302028574676
0.001,231,0.02128715659137435
0.001,232,0.021125986173063084
0.001,233,0.020919893717916804
0.001,234,0.020754316468326286
0.001,235,0.020566500984580127
0.001,236,0.020386149821131006
0.001,237,0.02021750883613665
0.001,238,0.020061166497169165
0.001,239,0.019888971505944434
0.001,240,0.01971970363731146
0.001,241,0.019566780697003718
0.001,242,0.01939650253764679
0.001,243,0.019223200261517925
0.001,244,0.019073885964773284
0.001,245,0.01891875760145998
0.001,246,0.01876025225505975
0.001,247,0.018603033731042735
0.001,248,0.018453090027844676
0.001,249,0.01830209337834752
0.001,250,0.018150240821291398
0.001,251,0.017997434244892526
0.001,252,0.017867349254439436
0.001,253,0.01771978103752494
0.001,254,0.01757605302588854
0.001,255,0.017431895018824282
0.001,256,0.01730007568769187
0.001,257,0.01716122767770851
0.001,258,0.017044184415815705
0.001,259,0.016888680435746845
0.001,260,0.01675400434481316
0.001,261,0.016623117279081067
0.001,262,0.016484315355260317
0.001,263,0.016348184853733416
0.001,264,0.016231640938099198
0.001,265,0.016104092837633716
0.001,266,0.015977144321726137
0.001,267,0.015867212068042185
0.001,268,0.015730552298054482
0.001,269,0.015617961156993153
0.001,270,0.015488463559538944
0.001,271,0.015363467824320187
0.001,272,0.015250604747371993
0.001,273,0.015129428694230854
0.001,274,0.01502747095066914
0.001,275,0.014900362552757566
0.001,276,0.014782947764464848
0.001,277,0.014680375839598627
0.001,278,0.014562902866909979
0.001,279,0.014468347724890631
0.001,280,0.014353861059999685
0.001,281,0.014235204472128405
0.001,282,0.014135286993566844
0.001,283,0.014042641741243948
0.001,284,0.013934720779677093
0.001,285,0.013815770302340918
0.001,286,0.013719057509167154
0.001,287,0.013618641311571086
0.001,288,0.01350932676518147
0.001,289,0.013408894956410802
0.001,290,0.013313393805843307
0.001,291,0.01321584970787016
0.001,292,0.013126410403489441
0.001,293,0.013022890662976107
0.001,294,0.01293380743797651
0.001,295,0.012834575719615595
0.001,296,0.012751248502889645
0.001,297,0.012679143431193857
0.001,298,0.012562486354306662
0.001,299,0.012485738556671191
0.001,300,0.012388521810176658
0.001,301,0.012316665862091559
0.001,302,0.012216288507830247
0.001,303,0.012121026425811645
0.001,304,0.012040902564922433
0.001,305,0.011952891272787989
0.001,306,0.01186690046683455
0.001,307,0.011785533906358484
0.001,308,0.011703497234304316
0.001,309,0.011622010477614032
0.001,310,0.011549431875541952
0.001,311,0.01146105180515401
0.001,312,0.011373883255393341
0.001,313,0.011306122202248229
0.001,314,0.011219106610424232
0.001,315,0.011136861572381355
0.001,316,0.011068930343983265
0.001,317,0.010993574103588106
0.001,318,0.010914009465709121
0.001,319,0.01084222822310005
0.001,320,0.010765210729560028
0.001,321,0.010684989510694728
0.001,322,0.010623606280371158
0.001,323,0.010551340658216182
0.01,1,0.9604407863055395
0.01,2,0.7346856499485444
0.01,3,0.5729560220243024
0.01,4,0.4405141952253061
0.01,5,0.3369248738901231
0.01,6,0.25807509682052376
0.01,7,0.20015705390328548
0.01,8,0.15841879331325667
0.01,9,0.12875147629878442
0.01,10,0.10727405841046285
0.01,11,0.0900303098567237
0.01,12,0.07815152753853459
0.01,13,0.06854581596694125
0.01,14,0.060156022265294394
0.01,15,0.05380692439651165
0.01,16,0.048497629910320035
0.01,17,0.04405034036332983
0.01,18,0.040186340688883604
0.01,19,0.03661955962387179
0.01,20,0.03379581465413271
0.01,21,0.031090862066592072
0.01,22,0.028801955422250596
0.01,23,0.026690002556383055
0.01,24,0.02471538851505582
0.01,25,0.023229968365867253
0.01,26,0.02208897435158628
0.01,27,0.0203820700772355
0.01,28,0.019095818588597217
0.01,29,0.018046716102073278
0.01,30,0.01701469410502876
0.01,31,0.016075948518393262
0.01,32,0.015251766690649768
0.01,33,0.014596340757550327
0.01,34,0.013772300351960113
0.01,35,0.01320221820711466
0.01,36,0.012585313986989453
0.01,37,0.011961214809224822
0.01,38,0.011441065938328932
0.01,39,0.010948390617750286
0.01,40,0.01047681311449776
0.01,41,0.010072470595658
0.01,42,0.009657995105497457
0.01,43,0.009381394087009857
0.01,44,0.008963319897423865
0.01,45,0.00858893976465639
0.01,46,0.008290970066044212
0.01,47,0.008002462096723704
0.01,48,0.00774310856157568
0.01,49,0.007454038436250382
0.01,50,0.007204500800058183
0.01,51,0.007010916468250362
0.01,52,0.006744176031653678
0.01,53,0.006559442367222466
0.01,54,0.006341478619220948
0.01,55,0.006152888269765422
0.01,56,0.0059857325308472695
0.01,57,0.005784491366945098
0.01,58,0.005643533332894074
0.01,59,0.005495069266839245
0.01,60,0.00531261760617762
0.01,61,0.0051702494785577395
0.01,62,0.005046521554415052
0.01,63,0.004910968352032676
0.01,64,0.004791986692980986
0.01,65,0.004643553103072943
0.01,66,0.004556732279349281
0.01,67,0.004450425905798918
0.01,68,0.004337431180997555
0.01,69,0.004222840483080895
0.01,70,0.004133869022334378
0.01,71,0.004037127057905543
0.01,72,0.00397712589922645
0.01,73,0.0038594118037633012
0.01,74,0.0037721539823205807
0.01,75,0.003689084590643553
0.01,76,0.0036172790394864247
0.01,77,0.003556847813225874
0.01,78,0.0034775737910675503
0.01,79,0.0034000199030616543
0.01,80,0.0033386792765435543
0.01,81,0.0032706080247807455
0.01,82,0.0032135839451480457
0.01,83,0.003147568504183858
0.01,84,0.0030956433818339012
0.01,85,0.003045255724969434
0.01,86,0.002986390408210878
0.01,87,0.002930853863928282
0.01,88,0.0028852043684842715
0.01,89,0.0028340214661460735
0.01,90,0.002790229210689655
0.01,91,0.0027394134490102114
0.01,92,0.0026960860971926236
0.01,93,0.002650318869618747
0.01,94,0.002622744699721944
0.1,1,0.5564342714719307
0.1,2,0.06880266636501531
0.1,3,0.02406071346208911
0.1,4,0.005875928647481528
0.1,5,0.003362400696243524
0.1,6,0.002781783465847919
0.1,7,0.0022544044527264915
0.1,8,0.0019990063952439424
0.1,9,0.0018043619709421203
0.1,10,0.0017023601509873869
0.1,11,0.001623318655283316
0.1,12,0.001566553806097062
0.1,13,0.0015154165853449068
0.1,14,0.0014673642911421717
0.1,15,0.0014282627790072734
0.1,16,0.0013965758259311908
0.1,17,0.0013692385437075424
0.1,18,0.0013422155670865029
0.1,19,0.0013191420681799716
0.1,20,0.001298563117610758
0.1,21,0.001278800948235552
0.1,22,0.0012596906656150524
0.1,23,0.0012435112798677747
0.1,24,0.0012260198565029064
0.1,25,0.001212303108679591
0.1,26,0.0012004229736383458
0.1,27,0.0011856040774393887
0.1,28,0.0011726332184362844
0.1,29,0.001161107304646475
0.1,30,0.0011503771180385028
0.1,31,0.0011384303977767009
