Ingreso mediano (decenas de miles de USD),Regresión lineal,Regresión polinomial (grado 2),Regresión log-lineal,Árbol de decisión
1.066898,0.9178024698028955,0.41432915754966304,1.098765560922327,1.450416666666667
1.1050907871485942,0.9349386151266734,0.44160956127819273,1.1090543445519474,1.450416666666667
1.1432835742971885,0.9520747604504507,0.46879967433128744,1.1193935669111466,1.450416666666667
1.1814763614457828,0.9692109057742284,0.49589949670894806,1.129783475265834,1.450416666666667
1.2196691485943771,0.9863470510980057,0.5229090284111739,1.1402243180940919,1.450416666666667
1.2578619357429717,1.0034831964217834,0.5498282694379657,1.1507163450921167,1.450416666666667
1.296054722891566,1.020619341745561,0.5766572197893232,1.1612598071801905,1.450416666666667
1.3342475100401603,1.0377554870693386,0.6033958794652456,1.171854956508684,1.450416666666667
1.3724402971887546,1.0548916323931161,0.6300442484657343,1.1825020464640845,1.450416666666667
1.410633084337349,1.0720277777168934,0.6566023267907874,1.1932013316750556,1.450416666666667
1.4488258714859432,1.0891639230406711,0.683070114440407,1.2039530680185293,1.450416666666667
1.4870186586345375,1.1063000683644486,0.709447611414592,1.2147575126258223,1.450416666666667
1.5252114457831318,1.123436213688226,0.7357348177133423,1.2256149238887883,1.450416666666667
1.5634042329317261,1.1405723590120038,0.7619317333366582,1.2365255614659945,1.450416666666667
1.6015970200803205,1.157708504335781,0.7880383582845396,1.2474896862889335,1.450416666666667
1.6397898072289148,1.1748446496595586,0.8140546925569865,1.2585075605682632,1.450416666666667
1.677982594377509,1.191980794983336,0.8399807361539993,1.2695794478000777,1.450416666666667
1.7161753815261034,1.2091169403071138,0.8658164890755777,1.2807056127722083,1.450416666666667
1.7543681686746977,1.2262530856308913,0.891561951321721,1.2918863215705558,1.450416666666667
1.7925609558232922,1.2433892309546688,0.9172171228924302,1.3031218415854555,1.450416666666667
1.8307537429718865,1.2605253762784465,0.9427820037877053,1.3144124415180714,1.450416666666667
1.8689465301204808,1.2776615216022238,0.968256594007545,1.3257583913868194,1.450416666666667
1.9071393172690752,1.2947976669260015,0.993640893551951,1.3371599625338302,1.450416666666667
1.9453321044176695,1.311933812249779,1.0189349024209222,1.348617427631435,1.450416666666667
1.9835248915662638,1.3290699575735565,1.0441386206144592,1.3601310606886856,1.450416666666667
2.0217176787148583,1.3462061028973342,1.0692520481325616,1.371701137057911,1.450416666666667
2.0599104658634526,1.3633422482211117,1.0942751849752297,1.3833279334412998,1.450416666666667
2.098103253012047,1.3804783935448892,1.1192080311424633,1.395011727897519,1.450416666666667
2.1362960401606412,1.3976145388686667,1.144050586634262,1.4067527998483618,1.450416666666667
2.1744888273092355,1.4147506841924442,1.1688028514506268,1.418551430085433,1.450416666666667
2.21268161445783,1.4318868295162217,1.193464825591557,1.4304079007768622,1.450416666666667
2.250874401606424,1.4490229748399992,1.2180365090570526,1.4423224954740537,1.450416666666667
2.2890671887550185,1.466159120163777,1.2425179018471137,1.4542954991184645,1.450416666666667
2.3272599759036128,1.4832952654875542,1.2669090039617408,1.4663271980484214,1.450416666666667
2.365452763052207,1.500431410811332,1.2912098154009328,1.4784178800059697,1.450416666666667
2.4036455502008014,1.5175675561351094,1.3154203361646906,1.4905678341437518,1.450416666666667
2.4418383373493957,1.534703701458887,1.3395405662530142,1.502777351031925,2.0373124999999996
2.48003112449799,1.5518398467826644,1.363570505665903,1.5150467226651076,2.0373124999999996
2.5182239116465848,1.5689759921064421,1.3875101544033577,1.5273762424693658,2.0373124999999996
2.5564166987951786,1.5861121374302194,1.4113595124653773,1.5397662053092276,2.0373124999999996
2.5946094859437734,1.6032482827539973,1.435118579851963,1.5522169074947372,2.0373124999999996
2.6328022730923673,1.6203844280777746,1.458787356563114,1.5647286467885397,2.0373124999999996
2.670995060240962,1.6375205734015523,1.4823658425988309,1.577301722413003,2.0373124999999996
2.709187847389556,1.6546567187253296,1.5058540379591125,1.5899364350573735,2.0373124999999996
2.7473806345381506,1.6717928640491073,1.5292519426439606,1.6026330868849672,2.0373124999999996
2.7855734216867445,1.6889290093728846,1.5525595566533736,1.6153919815403959,2.0373124999999996
2.8237662088353392,1.7060651546966623,1.5757768799873526,1.6282134241568293,2.0373124999999996
2.861958995983933,1.7232013000204396,1.5989039126458966,1.6410977213632925,2.0373124999999996
2.900151783132528,1.7403374453442175,1.6219406546290067,1.6540451812919983,2.0373124999999996
2.938344570281122,1.757473590667995,1.644887105936682,1.6670561135857174,2.0373124999999996
2.9765373574297165,1.7746097359917725,1.6677432665689227,1.680130829405182,2.0373124999999996
3.014730144578311,1.79174588131555,1.6905091365257294,1.6932696414365296,2.0373124999999996
3.052922931726905,1.8088820266393275,1.7131847158071012,1.7064728638987785,2.0373124999999996
3.091115718875499,1.8260181719631048,1.7357700044130386,1.7197408125513451,2.0095447154471544
3.1293085060240937,1.8431543172868825,1.758265002343542,1.7330738047015934,2.0095447154471544
3.1675012931726885,1.8602904626106602,1.780669709598611,1.746472159212423,2.0095447154471544
3.2056940803212823,1.8774266079344377,1.8029841261782449,1.7599361965098965,2.0095447154471544
3.243886867469877,1.8945627532582154,1.8252082520824446,1.773466238590904,2.0095447154471544
3.282079654618471,1.9116988985819927,1.8473420873112096,1.787062609030858,2.0095447154471544
3.3202724417670657,1.9288350439057704,1.8693856318645405,1.8007256329914383,2.0095447154471544
3.3584652289156596,1.9459711892295477,1.891338885742437,1.814455637228365,2.0095447154471544
3.3966580160642543,1.9631073345533254,1.913201848944899,1.828252950099214,2.0095447154471544
3.434850803212848,1.9802434798771027,1.934974521471926,1.8421179015712674,2.0095447154471544
3.473043590361443,1.9973796252008804,1.9566569033235193,1.8560508232294093,2.0095447154471544
3.511236377510037,2.0145157705246577,1.9782489944996775,1.8700520482840512,2.0095447154471544
3.5494291646586316,2.0316519158484354,1.9997507950004016,1.8841219115791046,2.0095447154471544
3.5876219518072254,2.0487880611722127,2.0211623048256913,1.8982607495999853,2.0095447154471544
3.62581473895582,2.0659242064959904,2.0424835239755463,1.9124689004816635,2.0095447154471544
3.664007526104414,2.0830603518197677,2.063714452449967,1.9267467040167494,2.0095447154471544
3.702200313253009,2.1001964971435454,2.0848550902489533,1.9410945016636192,2.0095447154471544
3.7403931004016027,2.117332642467323,2.105905437372505,1.9555126365545803,2.0095447154471544
3.7785858875501974,2.134468787791101,2.126865493820622,1.9700014535040804,2.0095447154471544
3.8167786746987913,2.151604933114878,2.1477352595933046,1.9845612990169497,2.0095447154471544
3.854971461847386,2.168741078438656,2.1685147346905533,1.9991925212966928,2.0095447154471544
3.89316424899598,2.185877223762433,2.1892039191123667,2.01389547025381,2.0095447154471544
3.9313570361445747,2.203013369086211,2.2098028128587464,2.0286704975141707,2.0095447154471544
3.9695498232931694,2.2201495144099885,2.230311415929692,2.0435179564274204,2.0095447154471544
4.007742610441763,2.237285659733766,2.250729728325202,2.058438202075431,2.0095447154471544
4.045935397590358,2.2544218050575435,2.271057750045278,2.0734315912807926,2.0095447154471544
4.084128184738952,2.271557950381321,2.2912954810899198,2.0884984826153494,2.0095447154471544
4.122320971887547,2.2886940957050985,2.3114429214591268,2.1036392364087724,2.3668121212121216
4.1605137590361405,2.305830241028876,2.3315000711528993,2.1188542147571763,2.3668121212121216
4.198706546184735,2.3229663863526535,2.351466930171238,2.134143781531782,2.3668121212121216
4.236899333333329,2.340102531676431,2.3713434985141415,2.149508302387617,2.3668121212121216
4.275092120481924,2.3572386770002085,2.391129776181611,2.1649481447722607,2.3668121212121216
4.313284907630518,2.3743748223239862,2.4108257631736456,2.1804636779346303,2.3668121212121216
4.3514776947791125,2.391510967647764,2.4304314594902463,2.1960552729338136,2.3668121212121216
4.389670481927706,2.4086471129715408,2.4499468651314116,2.211723302647943,2.3668121212121216
4.427863269076301,2.4257832582953185,2.4693719800971436,2.2274681417831115,2.3668121212121216
4.466056056224895,2.442919403619096,2.48870680438744,2.2432901668823346,2.3668121212121216
4.50424884337349,2.460055548942874,2.507951338002303,2.2591897563345564,2.3668121212121216
4.542441630522084,2.477191694266651,2.527105580941731,2.275167290383697,2.3668121212121216
4.580634417670678,2.494327839590429,2.546169533205725,2.2912231511377485,2.684588697916666
4.618827204819272,2.511463984914206,2.5651431947942838,2.30735772257791,2.684588697916666
4.657019991967867,2.528600130237984,2.5840265657074086,2.323571390567775,2.684588697916666
4.695212779116461,2.545736275561761,2.6028196459450985,2.3398645428625553,2.684588697916666
4.733405566265056,2.562872420885539,2.6215224355073543,2.356237569118357,2.684588697916666
4.77159835341365,2.5800085662093166,2.640134934394176,2.372690860901497,2.684588697916666
4.809791140562244,2.597144711533094,2.6586571426055627,2.3892248116978703,2.684588697916666
4.847983927710839,2.6142808568568716,2.6770890601415154,2.4058398169223585,2.684588697916666
4.886176714859433,2.6314170021806493,2.695430687002033,2.422536273928285,2.684588697916666
4.924369502008028,2.648553147504427,2.7136820231871166,2.439314582016921,2.684588697916666
4.9625622891566215,2.665689292828204,2.731843068696765,2.456175142447033,2.684588697916666
5.000755076305216,2.6828254381519816,2.74991382353098,2.47311835844448,2.684588697916666
5.03894786345381,2.6999615834757593,2.7678942876897596,2.4901446352118537,2.684588697916666
5.077140650602405,2.717097728799537,2.7857844611731055,2.5072543799381743,2.684588697916666
5.115333437750999,2.734233874123314,2.803584343981017,2.524448001808625,2.6725964912280706
5.1535262248995934,2.7513700194470916,2.8212939361134937,2.541725912014336,2.6725964912280706
5.191719012048188,2.7685061647708693,2.838913237570536,2.5590885237622247,2.6725964912280706
5.229911799196782,2.785642310094647,2.8564422483521437,2.5765362522848716,2.6725964912280706
5.268104586345377,2.8027784554184247,2.8738809684583173,2.5940695148504536,2.6725964912280706
5.306297373493971,2.819914600742202,2.891229397889056,2.6116887307727215,2.6725964912280706
5.344490160642565,2.8370507460659793,2.9084875366443605,2.6293943214210294,3.0211829032258066
5.382682947791159,2.854186891389757,2.92565538472423,2.647186710230413,3.0211829032258066
5.420875734939754,2.8713230367135347,2.9427329421286657,2.6650663227117115,3.0211829032258066
5.459068522088348,2.8884591820373124,2.9597202088576666,2.6830335864617494,3.0211829032258066
5.497261309236943,2.90559532736109,2.976617184911233,2.7010889311735595,3.0211829032258066
5.5354540963855365,2.922731472684867,2.993423870289365,2.71923278864666,3.0211829032258066
5.573646883534131,2.9398676180086447,3.0101402649920628,2.737465592797381,3.0211829032258066
5.611839670682725,2.9570037633324224,3.0267663690193265,2.7557877796692405,3.0211829032258066
5.65003245783132,2.9741399086562,3.0433021823711552,2.7741997874433757,3.0211829032258066
5.688225244979914,2.991276053979977,3.059747705047549,2.7927020564490173,3.0211829032258066
5.7264180321285085,3.0084121993037547,3.0761029370485087,2.811295029174028,3.0211829032258066
5.764610819277102,3.0255483446275324,3.0923678783740343,2.829979150275474,2.8449999999999998
5.802803606425697,3.04268448995131,3.1085425290241253,2.8487548665902698,2.8449999999999998
5.840996393574291,3.059820635275087,3.1246268889987814,2.8676226271458565,2.8449999999999998
5.879189180722886,3.0769567805988647,3.140620958298004,2.886582883170946,2.8449999999999998
5.91738196787148,3.0940929259226424,3.1565247369217913,2.9056360881063066,2.8449999999999998
5.955574755020074,3.11122907124642,3.1723382248701446,2.9247826976156146,2.8449999999999998
5.993767542168669,3.128365216570198,3.188061422143063,2.944023169596343,2.8449999999999998
6.031960329317263,3.1455013618939747,3.203694328740547,2.963357964190719,2.8449999999999998
6.070153116465858,3.162637507217753,3.2192369446625966,2.9827875437967277,2.8449999999999998
6.108345903614452,3.17977365254153,3.234689269909212,3.0023123730791665,2.8449999999999998
6.146538690763046,3.196909797865308,3.250051304480393,3.021932918980762,2.8449999999999998
6.18473147791164,3.2140459431890855,3.265323048376139,3.0416496507333326,2.8449999999999998
6.222924265060235,3.231182088512863,3.280504501596451,3.0614630398690164,2.8449999999999998
6.261117052208829,3.24831823383664,3.295595664141328,3.081373560231542,2.8449999999999998
6.299309839357424,3.265454379160418,3.310596536010771,3.1013816879875646,2.8449999999999998
6.3375026265060175,3.2825905244841955,3.3255071172047797,3.1214879016380523,2.8449999999999998
6.375695413654612,3.2997266698079732,3.340327407723354,3.1416926820297286,2.8449999999999998
6.413888200803206,3.31686281513175,3.355057407566493,3.161996512366576,2.8449999999999998
6.452080987951801,3.333998960455528,3.3696971167341987,3.1823998782213856,2.8449999999999998
6.490273775100395,3.3511351057793055,3.3842465352264695,3.2029032675473754,2.8449999999999998
6.5284665622489895,3.3682712511030832,3.3987056630433052,3.2235071706898575,2.8449999999999998
6.566659349397583,3.38540739642686,3.413074500184707,3.244212080397962,2.8449999999999998
6.604852136546178,3.402543541750638,3.4273530466506736,3.265018491836429,2.8449999999999998
6.643044923694772,3.4196796870744155,3.4415413024412063,3.285926902597442,2.8449999999999998
6.681237710843367,3.436815832398193,3.455639267556305,3.306937812712535,2.8449999999999998
6.719430497991961,3.453951977721971,3.4696469419959683,3.3280517246645474,2.8449999999999998
6.757623285140555,3.471088123045748,3.4835643257601987,3.3492691433996375,2.8449999999999998
6.79581607228915,3.488224268369526,3.497391418848993,3.370590576339371,2.8449999999999998
6.834008859437744,3.505360413693303,3.5111282212623536,3.3920165333928347,2.8449999999999998
6.872201646586339,3.522496559017081,3.52477473300028,3.4135475269688555,2.8449999999999998
6.910394433734933,3.5396327043408586,3.538330954062771,3.435184071988239,4.148202666666667
6.948587220883527,3.556768849664636,3.551796884449829,3.4569266858960876,4.148202666666667
6.986780008032121,3.573904994988413,3.5651725241614507,3.4787758886741775,4.148202666666667
7.024972795180716,3.591041140312191,3.5784578731976397,3.500732202853394,4.148202666666667
7.06316558232931,3.6081772856359686,3.591652931558393,3.5227961535262224,4.148202666666667
7.1013583694779046,3.6253134309597463,3.604757699243712,3.544968268359316,4.148202666666667
7.139551156626498,3.642449576283523,3.617772176253597,3.567249077606103,4.148202666666667
7.177743943775093,3.659585721607301,3.6306963625880475,3.589639114119481,4.148202666666667
7.215936730923687,3.6767218669310786,3.643530258247063,3.61213891336455,4.148202666666667
7.254129518072282,3.6938580122548563,3.656273863230645,3.6347490134314215,4.148202666666667
7.292322305220876,3.710994157578633,3.6689271775387917,3.6574699550480902,4.148202666666667
7.33051509236947,3.728130302902411,3.6814902011715045,3.6803022815933613,4.148202666666667
7.368707879518064,3.7452664482261886,3.6939629341287823,3.7032465391098457,4.148202666666667
7.406900666666659,3.7624025935499663,3.706345376410626,3.726303276317024,4.148202666666667
7.445093453815253,3.779538738873744,3.7186375280170347,3.749473044624362,4.148202666666667
7.483286240963848,3.7966748841975217,3.7308393889480094,3.7727563981445034,4.148202666666667
7.5214790281124415,3.8138110295212986,3.74295095920355,3.79615389370652,4.148202666666667
7.559671815261036,3.8309471748450763,3.754972238783656,3.8196660908692266,4.148202666666667
7.597864602409631,3.848083320168854,3.766903227688327,3.8432935519345683,4.148202666666667
7.636057389558225,3.8652194654926317,3.7787439259175635,3.867036841961059,4.148202666666667
7.67425017670682,3.8823556108164095,3.790494333471366,3.8908965287773043,4.148202666666667
7.7124429638554135,3.8994917561401863,3.8021544503497333,3.914873182995575,4.148202666666667
7.750635751004008,3.916627901463964,3.8137242765526675,3.938967378025457,4.148202666666667
7.788828538152602,3.9337640467877417,3.825203812080166,3.963179690087565,4.148202666666667
7.827021325301197,3.9509001921115194,3.836593056932231,3.987510698227318,4.528434285714285
7.865214112449791,3.9680363374352963,3.8478920111088613,4.011960984328795,4.528434285714285
7.9034068995983855,3.985172482759074,3.8591006746100565,4.036531133128643,4.528434285714285
7.941599686746979,4.002308628082852,3.8702190474358176,4.0612217322300666,4.528434285714285
7.979792473895574,4.019444773406629,3.8812471295861437,4.086033372116877,4.528434285714285
8.017985261044167,4.036580918730406,3.892184921061036,4.11096664616762,4.528434285714285
8.056178048192763,4.053717064054185,3.9030324218604946,4.136022150669758,4.528434285714285
8.094370835341357,4.070853209377962,3.9137896319845176,4.161200484833939,4.528434285714285
8.13256362248995,4.087989354701739,3.9244565514331065,4.18650225080832,4.528434285714285
8.170756409638544,4.105125500025516,3.9350331802062604,4.21192805369297,4.528434285714285
8.20894919678714,4.122261645349295,3.94551951830398,4.237478501554347,4.528434285714285
8.247141983935734,4.139397790673072,3.9559155657262663,4.2631542054398235,4.528434285714285
8.285334771084328,4.156533935996849,3.9662213224731167,4.288955779392323,4.528434285714285
8.323527558232922,4.173670081320626,3.9764367885445333,4.314883840464986,4.528434285714285
8.361720345381517,4.190806226644405,3.986561963940516,4.340939008735936,4.528434285714285
8.399913132530111,4.2079423719681825,3.9965968486610635,4.367121907323109,4.528434285714285
8.438105919678705,4.225078517291959,4.006541442706177,4.393433162399152,4.528434285714285
8.4762987068273,4.242214662615738,4.016395746075856,4.419873403206401,4.528434285714285
8.514491493975894,4.259350807939515,4.0261597587701,4.446443262071922,4.528434285714285
8.552684281124488,4.2764869532632925,4.0358334807889085,4.473143374422648,4.528434285714285
8.590877068273082,4.293623098587069,4.045416912132285,4.4999743788005615,4.528434285714285
8.629069855421678,4.310759243910848,4.054910052800226,4.526936916877975,4.528434285714285
8.667262642570272,4.327895389234625,4.064312902792732,4.554031633472871,4.528434285714285
8.705455429718866,4.3450315345584025,4.0736254621098045,4.5812591765643225,4.528434285714285
8.74364821686746,4.362167679882179,4.082847730751441,4.608620197307995,4.528434285714285
8.781841004016055,4.379303825205958,4.091979708717645,4.636115350051717,4.528434285714285
8.820033791164649,4.396439970529736,4.101021396008413,4.663745292351122,4.528434285714285
8.858226578313243,4.4135761158535125,4.109972792623747,4.691510684985386,4.528434285714285
8.896419365461837,4.430712261177289,4.118833898563646,4.7194121919730225,4.9815094117647085
8.934612152610432,4.447848406501068,4.127604713828112,4.747450480587764,4.9815094117647085
8.972804939759026,4.464984551824845,4.136285238417143,4.775626221374522,4.9815094117647085
9.01099772690762,4.4821206971486225,4.144875472330739,4.8039400881654215,4.9815094117647085
9.049190514056214,4.4992568424724,4.153375415568901,4.832392758095916,4.9815094117647085
9.08738330120481,4.516392987796178,4.1617850681316275,4.860984911620984,4.9815094117647085
9.125576088353403,4.533529133119956,4.170104430018921,4.889717232531393,4.9815094117647085
9.163768875501997,4.5506652784437325,4.17833350123078,4.918590407970068,4.9815094117647085
9.201961662650593,4.567801423767511,4.1864722817672035,4.947605128448513,4.9815094117647085
9.240154449799187,4.584937569091288,4.194520771628192,4.976762087863329,4.9815094117647085
9.27834723694778,4.602073714415066,4.202478970813748,5.006061983512807,4.9815094117647085
9.316540024096376,4.619209859738843,4.210346879323868,5.035505516113608,4.9815094117647085
9.35473281124497,4.636346005062621,4.218124497158555,5.065093389817511,4.9815094117647085
9.392925598393564,4.653482150386398,4.225811824317806,5.0948263122282675,4.9815094117647085
9.431118385542158,4.670618295710176,4.233408860801624,5.124704994418513,4.9815094117647085
9.469311172690754,4.687754441033953,4.240915606610007,5.1547301509467784,4.9815094117647085
9.507503959839347,4.704890586357731,4.248332061742954,5.184902499874574,4.9815094117647085
9.545696746987941,4.722026731681509,4.2556582262004685,5.215222762783567,4.3574019999999996
9.583889534136535,4.739162877005286,4.262894099982548,5.245691664792835,4.3574019999999996
9.62208232128513,4.756299022329064,4.270039683089192,5.276309934576212,4.3574019999999996
9.660275108433725,4.773435167652841,4.277094975520403,5.3070783043797025,4.3574019999999996
9.698467895582318,4.790571312976618,4.284059977276179,5.3379975100390125,4.999921329113908
9.736660682730912,4.807707458300396,4.29093468835652,5.369068290997132,4.999921329113908
9.774853469879508,4.824843603624174,4.297719108761427,5.400291390322025,4.999921329113908
9.813046257028102,4.841979748947951,4.3044132384909,5.4316675547244,4.999921329113908
9.851239044176696,4.859115894271729,4.311017077544938,5.463197534575568,4.999921329113908
9.88943183132529,4.876252039595506,4.317530625923542,5.494882083925386,4.999921329113908
9.927624618473885,4.893388184919284,4.323953883626712,5.526721960520294,4.999921329113908
9.965817405622479,4.910524330243061,4.3302868506544465,5.558717925821426,4.999921329113908
10.004010192771073,4.927660475566839,4.336529527006746,5.590870745022839,4.999921329113908
10.042202979919669,4.9447966208906164,4.342681912683613,5.623181187069797,4.999921329113908
10.080395767068262,4.961932766214394,4.348744007685044,5.655650024677168,4.999921329113908
10.118588554216856,4.979068911538171,4.354715812011041,5.688278034347903,4.999921329113908
10.15678134136545,4.996205056861949,4.360597325661603,5.721065996391602,4.999921329113908
10.194974128514046,5.013341202185726,4.366388548636731,5.754014694943186,4.999921329113908
10.23316691566264,5.030477347509504,4.372089480936426,5.787124917981631,4.999921329113908
10.271359702811234,5.047613492833282,4.377700122560684,5.820397457348832,4.999921329113908
10.309552489959827,5.064749638157059,4.383220473509509,5.853833108768534,4.999921329113908
10.347745277108423,5.081885783480837,4.388650533782898,5.887432671865355,4.999921329113908
10.385938064257017,5.099021928804614,4.393990303380854,5.921196950183918,4.999921329113908
10.42413085140561,5.116158074128392,4.3992397823033755,5.955126751208066,4.999921329113908
10.462323638554205,5.133294219452169,4.404398970550463,5.989222886380169,4.999921329113908
10.5005164257028,5.150430364775947,4.409467868122115,6.023486171120537,4.999921329113908
10.538709212851394,5.167566510099724,4.414446475018333,6.0579174248469085,4.999921329113908
10.576901999999988,5.184702655423502,4.419334791239116,6.092517470994065,4.999921329113908
