modelo,capa,tipo,origen,destino,valor
anterior,1,peso,alcohol,h1,0.5209708531382709
anterior,1,peso,alcohol,h2,-0.5744240613943875
anterior,1,peso,alcohol,h3,0.9618899130355478
anterior,1,peso,alcohol,h4,0.843799351324967
anterior,1,peso,alcohol,h5,0.3081781103077531
anterior,1,peso,alcohol,h6,-0.8471068830776453
anterior,1,peso,alcohol,h7,0.22527885050325946
anterior,1,peso,alcohol,h8,0.9362975245659434
anterior,1,peso,alcohol,h9,0.1890527451638396
anterior,1,peso,alcohol,h10,-0.651779304826773
anterior,1,peso,alcohol,h11,-0.9238025066957504
anterior,1,peso,alcohol,h12,0.5478139451134978
anterior,1,peso,alcohol,h13,-0.29959204584575533
anterior,1,peso,alcohol,h14,-0.8430179603794453
anterior,1,peso,alcohol,h15,-1.0844744998153286
anterior,1,peso,alcohol,h16,-0.7956506014114777
anterior,1,peso,malic_acid,h1,0.22244910731820655
anterior,1,peso,malic_acid,h2,-0.3979731448817198
anterior,1,peso,malic_acid,h3,0.3159794071071548
anterior,1,peso,malic_acid,h4,0.2808084597135147
anterior,1,peso,malic_acid,h5,0.27791965437643096
anterior,1,peso,malic_acid,h6,-0.19828139194418165
anterior,1,peso,malic_acid,h7,-0.1497011243110592
anterior,1,peso,malic_acid,h8,0.30873292910000943
anterior,1,peso,malic_acid,h9,-0.21462716210730215
anterior,1,peso,malic_acid,h10,-0.3304206059685979
anterior,1,peso,malic_acid,h11,-0.08790021992464664
anterior,1,peso,malic_acid,h12,-0.12515719922595417
anterior,1,peso,malic_acid,h13,-0.23689705064273853
anterior,1,peso,malic_acid,h14,-0.38228293861493556
anterior,1,peso,malic_acid,h15,-0.3841484893652509
anterior,1,peso,malic_acid,h16,-0.17507105641672163
anterior,1,peso,ash,h1,0.36311590659331067
anterior,1,peso,ash,h2,-0.6106701457958753
anterior,1,peso,ash,h3,0.8270984270738895
anterior,1,peso,ash,h4,0.8350360747708531
anterior,1,peso,ash,h5,0.31368763997150956
anterior,1,peso,ash,h6,-0.6878901075676624
anterior,1,peso,ash,h7,0.1467576415000747
anterior,1,peso,ash,h8,0.6823667202200911
anterior,1,peso,ash,h9,-0.21430063527989124
anterior,1,peso,ash,h10,-0.7185882524678441
anterior,1,peso,ash,h11,-0.33868381611379594
anterior,1,peso,ash,h12,0.27476258833378914
anterior,1,peso,ash,h13,-0.5100983903233018
anterior,1,peso,ash,h14,-0.36404968833332346
anterior,1,peso,ash,h15,-0.9119734645418839
anterior,1,peso,ash,h16,-0.30129275621008433
anterior,1,peso,alcalinity_of_ash,h1,0.08834676767489819
anterior,1,peso,alcalinity_of_ash,h2,0.5507968191718717
anterior,1,peso,alcalinity_of_ash,h3,-0.7202763036539229
anterior,1,peso,alcalinity_of_ash,h4,-0.5181249641093477
anterior,1,peso,alcalinity_of_ash,h5,0.24920061951719857
anterior,1,peso,alcalinity_of_ash,h6,0.9422933048753008
anterior,1,peso,alcalinity_of_ash,h7,-0.534643179229041
anterior,1,peso,alcalinity_of_ash,h8,-0.5777850172533711
anterior,1,peso,alcalinity_of_ash,h9,-0.7080008863879005
anterior,1,peso,alcalinity_of_ash,h10,0.5370504893455341
anterior,1,peso,alcalinity_of_ash,h11,0.44283144125353124
anterior,1,peso,alcalinity_of_ash,h12,-0.6683805797145707
anterior,1,peso,alcalinity_of_ash,h13,-0.07197884181273623
anterior,1,peso,alcalinity_of_ash,h14,0.8470539136833127
anterior,1,peso,alcalinity_of_ash,h15,0.7537445382454797
anterior,1,peso,alcalinity_of_ash,h16,0.5867662700844914
anterior,1,peso,magnesium,h1,0.23023060653084923
anterior,1,peso,magnesium,h2,-0.23144904887479814
anterior,1,peso,magnesium,h3,0.10659604149564963
anterior,1,peso,magnesium,h4,0.33801900680386854
anterior,1,peso,magnesium,h5,0.009417146587162844
anterior,1,peso,magnesium,h6,0.014685604693703296
anterior,1,peso,magnesium,h7,0.6441829857148395
anterior,1,peso,magnesium,h8,0.18752215833094346
anterior,1,peso,magnesium,h9,-0.40216360490143716
anterior,1,peso,magnesium,h10,-0.14365636936228132
anterior,1,peso,magnesium,h11,0.04503190014608813
anterior,1,peso,magnesium,h12,0.5078037338354403
anterior,1,peso,magnesium,h13,-0.09728512162915899
anterior,1,peso,magnesium,h14,-0.20274107533745686
anterior,1,peso,magnesium,h15,-0.26251157606763575
anterior,1,peso,magnesium,h16,-0.49386840680360516
anterior,1,peso,total_phenols,h1,0.039357299662203346
anterior,1,peso,total_phenols,h2,-0.2016525197645793
anterior,1,peso,total_phenols,h3,0.10236392763465929
anterior,1,peso,total_phenols,h4,0.18680642486722504
anterior,1,peso,total_phenols,h5,-0.0350581321932698
anterior,1,peso,total_phenols,h6,-0.31141898021618597
anterior,1,peso,total_phenols,h7,0.3944810419083024
anterior,1,peso,total_phenols,h8,0.26408675318766267
anterior,1,peso,total_phenols,h9,0.3908190348809469
anterior,1,peso,total_phenols,h10,-0.2440667537603668
anterior,1,peso,total_phenols,h11,-0.5026312866684566
anterior,1,peso,total_phenols,h12,0.345938982449036
anterior,1,peso,total_phenols,h13,0.19781290205539917
anterior,1,peso,total_phenols,h14,-0.14816586167821605
anterior,1,peso,total_phenols,h15,-0.03468483976454519
anterior,1,peso,total_phenols,h16,-0.33748020879454016
anterior,1,peso,flavanoids,h1,-0.5194703171239065
anterior,1,peso,flavanoids,h2,0.006249293083688161
anterior,1,peso,flavanoids,h3,-0.0442643768408882
anterior,1,peso,flavanoids,h4,-0.45439254814081986
anterior,1,peso,flavanoids,h5,-0.8024795569056603
anterior,1,peso,flavanoids,h6,-0.31648530565450833
anterior,1,peso,flavanoids,h7,0.38831220187793913
anterior,1,peso,flavanoids,h8,-0.10272204744543918
anterior,1,peso,flavanoids,h9,0.7788442600690687
anterior,1,peso,flavanoids,h10,0.1265601689171096
anterior,1,peso,flavanoids,h11,-0.5785675495444792
anterior,1,peso,flavanoids,h12,0.59950432612261
anterior,1,peso,flavanoids,h13,0.44128282936721386
anterior,1,peso,flavanoids,h14,-0.8652588756508016
anterior,1,peso,flavanoids,h15,0.23515328852959216
anterior,1,peso,flavanoids,h16,-0.7413304868361156
anterior,1,peso,nonflavanoid_phenols,h1,0.08747378330672595
anterior,1,peso,nonflavanoid_phenols,h2,0.17691411651590153
anterior,1,peso,nonflavanoid_phenols,h3,0.003806350702279815
anterior,1,peso,nonflavanoid_phenols,h4,-0.07228124674170393
anterior,1,peso,nonflavanoid_phenols,h5,-0.03791282954931471
anterior,1,peso,nonflavanoid_phenols,h6,-0.11368485775285843
anterior,1,peso,nonflavanoid_phenols,h7,-0.10494697294375283
anterior,1,peso,nonflavanoid_phenols,h8,-0.03643216487110064
anterior,1,peso,nonflavanoid_phenols,h9,0.3091763367329804
anterior,1,peso,nonflavanoid_phenols,h10,0.1580025038989315
anterior,1,peso,nonflavanoid_phenols,h11,0.08259005881071772
anterior,1,peso,nonflavanoid_phenols,h12,-0.3312485746326079
anterior,1,peso,nonflavanoid_phenols,h13,-0.03946082766772866
anterior,1,peso,nonflavanoid_phenols,h14,-0.16927691222096222
anterior,1,peso,nonflavanoid_phenols,h15,0.12657575984268502
anterior,1,peso,nonflavanoid_phenols,h16,0.2635080635306782
anterior,1,peso,proanthocyanins,h1,-0.6524922653109115
anterior,1,peso,proanthocyanins,h2,0.535134759990027
anterior,1,peso,proanthocyanins,h3,-0.49900602355376567
anterior,1,peso,proanthocyanins,h4,-0.5207388698916614
anterior,1,peso,proanthocyanins,h5,-0.35234954649552425
anterior,1,peso,proanthocyanins,h6,0.1522119107035919
anterior,1,peso,proanthocyanins,h7,0.2382352896368508
anterior,1,peso,proanthocyanins,h8,-0.5661974034220717
anterior,1,peso,proanthocyanins,h9,0.16535630883202557
anterior,1,peso,proanthocyanins,h10,0.5606994506791925
anterior,1,peso,proanthocyanins,h11,-0.016377764564380365
anterior,1,peso,proanthocyanins,h12,0.2865394465767443
anterior,1,peso,proanthocyanins,h13,0.5374337827049149
anterior,1,peso,proanthocyanins,h14,0.38528801640462995
anterior,1,peso,proanthocyanins,h15,0.5587563508074889
anterior,1,peso,proanthocyanins,h16,0.0661418371455056
anterior,1,peso,color_intensity,h1,0.5497366316100417
anterior,1,peso,color_intensity,h2,-1.0956627421299223
anterior,1,peso,color_intensity,h3,1.0002333134865231
anterior,1,peso,color_intensity,h4,0.7362165469528996
anterior,1,peso,color_intensity,h5,0.4086852639535856
anterior,1,peso,color_intensity,h6,-0.6979756205305405
anterior,1,peso,color_intensity,h7,-0.24972569376460713
anterior,1,peso,color_intensity,h8,0.6055992205238081
anterior,1,peso,color_intensity,h9,-0.7401491758898967
anterior,1,peso,color_intensity,h10,-0.7352424217342854
anterior,1,peso,color_intensity,h11,0.4530086887342154
anterior,1,peso,color_intensity,h12,-0.5676944276458861
anterior,1,peso,color_intensity,h13,-0.5310238175112841
anterior,1,peso,color_intensity,h14,-0.28275509550026395
anterior,1,peso,color_intensity,h15,-0.9539635516323783
anterior,1,peso,color_intensity,h16,0.010823318438841028
anterior,1,peso,hue,h1,-0.6765747435581425
anterior,1,peso,hue,h2,0.837847085791034
anterior,1,peso,hue,h3,-0.629159198873975
anterior,1,peso,hue,h4,-0.6730178929511449
anterior,1,peso,hue,h5,-0.7847058367713976
anterior,1,peso,hue,h6,0.2548143488817452
anterior,1,peso,hue,h7,0.268422183884172
anterior,1,peso,hue,h8,-0.8748817902633944
anterior,1,peso,hue,h9,0.23432205896499977
anterior,1,peso,hue,h10,0.759820626624318
anterior,1,peso,hue,h11,-0.19544156688443487
anterior,1,peso,hue,h12,0.10485782292868076
anterior,1,peso,hue,h13,0.5977405327440297
anterior,1,peso,hue,h14,0.013479915014147062
anterior,1,peso,hue,h15,0.822713146494266
anterior,1,peso,hue,h16,-0.47127083012409743
anterior,1,peso,od280/od315_of_diluted_wines,h1,-0.28634463977572244
anterior,1,peso,od280/od315_of_diluted_wines,h2,-0.03706987849343996
anterior,1,peso,od280/od315_of_diluted_wines,h3,0.37325584655763505
anterior,1,peso,od280/od315_of_diluted_wines,h4,-0.2651304637203164
anterior,1,peso,od280/od315_of_diluted_wines,h5,-0.4131564373066014
anterior,1,peso,od280/od315_of_diluted_wines,h6,-0.5895162577061753
anterior,1,peso,od280/od315_of_diluted_wines,h7,0.6921477508298014
anterior,1,peso,od280/od315_of_diluted_wines,h8,0.006570663465967561
anterior,1,peso,od280/od315_of_diluted_wines,h9,0.25116139967653306
anterior,1,peso,od280/od315_of_diluted_wines,h10,0.24026066027222426
anterior,1,peso,od280/od315_of_diluted_wines,h11,-0.3211572057315025
anterior,1,peso,od280/od315_of_diluted_wines,h12,0.47243015287934065
anterior,1,peso,od280/od315_of_diluted_wines,h13,0.39447960899121715
anterior,1,peso,od280/od315_of_diluted_wines,h14,-0.7078305341290465
anterior,1,peso,od280/od315_of_diluted_wines,h15,-0.03999761100472439
anterior,1,peso,od280/od315_of_diluted_wines,h16,-0.38561171614833645
anterior,1,peso,proline,h1,0.5227152046479888
anterior,1,peso,proline,h2,-0.746607098520242
anterior,1,peso,proline,h3,0.8152837238453249
anterior,1,peso,proline,h4,0.8493356115473332
anterior,1,peso,proline,h5,0.5386532408519122
anterior,1,peso,proline,h6,-0.4816923987459956
anterior,1,peso,proline,h7,0.785162013514233
anterior,1,peso,proline,h8,0.9680241806506251
anterior,1,peso,proline,h9,0.35684134665633693
anterior,1,peso,proline,h10,-1.0216046564522834
anterior,1,peso,proline,h11,-0.7998392322086402
anterior,1,peso,proline,h12,0.880299733351387
anterior,1,peso,proline,h13,-0.3614811407594701
anterior,1,peso,proline,h14,-0.9941204922576287
anterior,1,peso,proline,h15,-1.195683805884211
anterior,1,peso,proline,h16,-0.5597820873733342
anterior,1,sesgo,1,h1,-0.8084990214750343
anterior,1,sesgo,1,h2,-0.33550626787715726
anterior,1,sesgo,1,h3,0.33732493425297966
anterior,1,sesgo,1,h4,-0.1759677443972544
anterior,1,sesgo,1,h5,-0.8871573933302644
anterior,1,sesgo,1,h6,0.012260504725693993
anterior,1,sesgo,1,h7,0.12889716296524464
anterior,1,sesgo,1,h8,0.27723368358728434
anterior,1,sesgo,1,h9,0.6643792507190658
anterior,1,sesgo,1,h10,-0.17274862915955702
anterior,1,sesgo,1,h11,0.24052542149944062
anterior,1,sesgo,1,h12,0.14899953562843835
anterior,1,sesgo,1,h13,0.8230932185611031
anterior,1,sesgo,1,h14,0.5046033752839354
anterior,1,sesgo,1,h15,-0.36407529621997003
anterior,1,sesgo,1,h16,0.20314195949876762
anterior,2,peso,h1,clase_0,-0.23517959859541
anterior,2,peso,h1,clase_1,-0.7861369994424828
anterior,2,peso,h1,clase_2,0.9448629988075794
anterior,2,peso,h2,clase_0,-0.4076192758529307
anterior,2,peso,h2,clase_1,0.9266557081405572
anterior,2,peso,h2,clase_2,-0.5236010996678069
anterior,2,peso,h3,clase_0,0.873783913114454
anterior,2,peso,h3,clase_1,-0.8283840855824403
anterior,2,peso,h3,clase_2,0.29934885324177807
anterior,2,peso,h4,clase_0,0.2361007497967536
anterior,2,peso,h4,clase_1,-0.9644410054404061
anterior,2,peso,h4,clase_2,0.6986210192132165
anterior,2,peso,h5,clase_0,-0.5354645832413688
anterior,2,peso,h5,clase_1,-0.7128455514739404
anterior,2,peso,h5,clase_2,0.6753544471535521
anterior,2,peso,h6,clase_0,-0.9747395369812215
anterior,2,peso,h6,clase_1,0.8825965154581291
anterior,2,peso,h6,clase_2,0.25493366165294756
anterior,2,peso,h7,clase_0,0.8939664707349174
anterior,2,peso,h7,clase_1,-0.35110927018071497
anterior,2,peso,h7,clase_2,-0.9935009861054616
anterior,2,peso,h8,clase_0,0.9570138526267751
anterior,2,peso,h8,clase_1,-0.9495098010248353
anterior,2,peso,h8,clase_2,0.8085566608761385
anterior,2,peso,h9,clase_0,0.9157709455577395
anterior,2,peso,h9,clase_1,0.2694155863126016
anterior,2,peso,h9,clase_2,-0.94460717546342
anterior,2,peso,h10,clase_0,-0.46491609829279146
anterior,2,peso,h10,clase_1,0.9227436207819971
anterior,2,peso,h10,clase_2,-0.7494414424890115
anterior,2,peso,h11,clase_0,-0.957848087940497
anterior,2,peso,h11,clase_1,0.2874040345600079
anterior,2,peso,h11,clase_2,0.6572910880860975
anterior,2,peso,h12,clase_0,0.7248685649243576
anterior,2,peso,h12,clase_1,-0.2572116167364735
anterior,2,peso,h12,clase_2,-0.9718208951253688
anterior,2,peso,h13,clase_0,0.42060551029200044
anterior,2,peso,h13,clase_1,0.644865030445061
anterior,2,peso,h13,clase_2,-1.0387774554174263
anterior,2,peso,h14,clase_0,-0.8026611393418025
anterior,2,peso,h14,clase_1,0.6973574874899935
anterior,2,peso,h14,clase_2,0.45676224631697515
anterior,2,peso,h15,clase_0,-0.5379474717928279
anterior,2,peso,h15,clase_1,0.9515774198430426
anterior,2,peso,h15,clase_2,-0.7962608079791677
anterior,2,peso,h16,clase_0,-0.8895919162356485
anterior,2,peso,h16,clase_1,0.4362605724147435
anterior,2,peso,h16,clase_2,0.5806983811603929
anterior,2,sesgo,1,clase_0,0.40257901848670935
anterior,2,sesgo,1,clase_1,0.1732231508606115
anterior,2,sesgo,1,clase_2,-0.0476909755874643
mlp,1,peso,alcohol,h1,0.05653708533629799
mlp,1,peso,alcohol,h2,1.1226942350016946
mlp,1,peso,alcohol,h3,-0.9259982339103424
mlp,1,peso,alcohol,h4,-0.6649473049083764
mlp,1,peso,alcohol,h5,-0.9064413598826935
mlp,1,peso,alcohol,h6,0.6645800010909302
mlp,1,peso,alcohol,h7,-1.124630846799837
mlp,1,peso,alcohol,h8,1.0595302927388095
mlp,1,peso,alcohol,h9,-0.2661548853481286
mlp,1,peso,alcohol,h10,1.0378466358625151
mlp,1,peso,alcohol,h11,-1.159485833540591
mlp,1,peso,alcohol,h12,1.091065813870856
mlp,1,peso,alcohol,h13,-0.3663241650535473
mlp,1,peso,alcohol,h14,0.39352700701457105
mlp,1,peso,alcohol,h15,-0.9605454486163201
mlp,1,peso,alcohol,h16,0.9861050131434321
mlp,1,peso,malic_acid,h1,-0.3863456490511299
mlp,1,peso,malic_acid,h2,0.3871835935914752
mlp,1,peso,malic_acid,h3,-0.4957364745940658
mlp,1,peso,malic_acid,h4,-0.3008232410122647
mlp,1,peso,malic_acid,h5,-0.25996223510968336
mlp,1,peso,malic_acid,h6,0.1921122467529477
mlp,1,peso,malic_acid,h7,-0.40583142245068926
mlp,1,peso,malic_acid,h8,0.27509885613749663
mlp,1,peso,malic_acid,h9,0.2538716887203829
mlp,1,peso,malic_acid,h10,0.4407447954544967
mlp,1,peso,malic_acid,h11,-0.383151453642184
mlp,1,peso,malic_acid,h12,0.26875930668732056
mlp,1,peso,malic_acid,h13,-0.27725449208540354
mlp,1,peso,malic_acid,h14,0.1534775854398174
mlp,1,peso,malic_acid,h15,-0.2318317930835608
mlp,1,peso,malic_acid,h16,0.3891274742812255
mlp,1,peso,ash,h1,-0.0891477800069497
mlp,1,peso,ash,h2,0.9931899550645323
mlp,1,peso,ash,h3,-0.7962393623130356
mlp,1,peso,ash,h4,-0.414175244159116
mlp,1,peso,ash,h5,-0.6207292730004894
mlp,1,peso,ash,h6,0.3543871252852657
mlp,1,peso,ash,h7,-0.8617902594923519
mlp,1,peso,ash,h8,0.7822098499277765
mlp,1,peso,ash,h9,-0.018370468171551035
mlp,1,peso,ash,h10,0.8818225743706863
mlp,1,peso,ash,h11,-1.0051715667143906
mlp,1,peso,ash,h12,0.6191176503578784
mlp,1,peso,ash,h13,-0.5484578104305431
mlp,1,peso,ash,h14,0.6061479700921804
mlp,1,peso,ash,h15,-0.5893738715632266
mlp,1,peso,ash,h16,1.0424487326565086
mlp,1,peso,alcalinity_of_ash,h1,-0.516148169923705
mlp,1,peso,alcalinity_of_ash,h2,-0.8750641273289959
mlp,1,peso,alcalinity_of_ash,h3,0.8546174050229767
mlp,1,peso,alcalinity_of_ash,h4,0.8956364138876368
mlp,1,peso,alcalinity_of_ash,h5,1.1553847202212983
mlp,1,peso,alcalinity_of_ash,h6,-0.7250511644489732
mlp,1,peso,alcalinity_of_ash,h7,0.547583342486864
mlp,1,peso,alcalinity_of_ash,h8,-0.28183812695765725
mlp,1,peso,alcalinity_of_ash,h9,0.37773449729379704
mlp,1,peso,alcalinity_of_ash,h10,-0.8274730113853929
mlp,1,peso,alcalinity_of_ash,h11,0.6864973329158558
mlp,1,peso,alcalinity_of_ash,h12,-1.2338467076935218
mlp,1,peso,alcalinity_of_ash,h13,-0.13329582417325833
mlp,1,peso,alcalinity_of_ash,h14,0.01126213677069959
mlp,1,peso,alcalinity_of_ash,h15,1.1665601326211912
mlp,1,peso,alcalinity_of_ash,h16,-0.7688346806914614
mlp,1,peso,magnesium,h1,0.2398002578359956
mlp,1,peso,magnesium,h2,0.27586740442863616
mlp,1,peso,magnesium,h3,-0.35007968324530797
mlp,1,peso,magnesium,h4,0.050694093935612486
mlp,1,peso,magnesium,h5,-0.18182849381344504
mlp,1,peso,magnesium,h6,0.4832148330363918
mlp,1,peso,magnesium,h7,-0.3228462232294336
mlp,1,peso,magnesium,h8,0.2891798269841691
mlp,1,peso,magnesium,h9,-0.5994594286905458
mlp,1,peso,magnesium,h10,0.41478574981002175
mlp,1,peso,magnesium,h11,-0.23313071453939047
mlp,1,peso,magnesium,h12,0.053149010278449385
mlp,1,peso,magnesium,h13,-0.0802262239032001
mlp,1,peso,magnesium,h14,0.05530057124195664
mlp,1,peso,magnesium,h15,-0.06945770163912286
mlp,1,peso,magnesium,h16,0.33237687434266777
mlp,1,peso,total_phenols,h1,0.5029334878073108
mlp,1,peso,total_phenols,h2,0.3225528350259942
mlp,1,peso,total_phenols,h3,-0.2047882414292822
mlp,1,peso,total_phenols,h4,-0.5295227632553872
mlp,1,peso,total_phenols,h5,-0.30705443142499794
mlp,1,peso,total_phenols,h6,0.4445381202241841
mlp,1,peso,total_phenols,h7,-0.27162700697184194
mlp,1,peso,total_phenols,h8,0.10681523451700771
mlp,1,peso,total_phenols,h9,-0.2575552561232651
mlp,1,peso,total_phenols,h10,0.35986531522206067
mlp,1,peso,total_phenols,h11,-0.37240986127173586
mlp,1,peso,total_phenols,h12,0.33306564459302623
mlp,1,peso,total_phenols,h13,0.1370951834936855
mlp,1,peso,total_phenols,h14,0.06168865991663316
mlp,1,peso,total_phenols,h15,-0.14155616562113466
mlp,1,peso,total_phenols,h16,0.3544729935628276
mlp,1,peso,flavanoids,h1,0.6664479373251249
mlp,1,peso,flavanoids,h2,-0.2898960615792744
mlp,1,peso,flavanoids,h3,-0.12026946038000035
mlp,1,peso,flavanoids,h4,-0.8588528747635229
mlp,1,peso,flavanoids,h5,-0.9607334777482252
mlp,1,peso,flavanoids,h6,0.9837225550796767
mlp,1,peso,flavanoids,h7,0.47526278454562193
mlp,1,peso,flavanoids,h8,-0.5743468148329275
mlp,1,peso,flavanoids,h9,-0.41696433020614904
mlp,1,peso,flavanoids,h10,-0.4188821860988557
mlp,1,peso,flavanoids,h11,0.19035532085356033
mlp,1,peso,flavanoids,h12,1.051229899328427
mlp,1,peso,flavanoids,h13,0.7778520014230077
mlp,1,peso,flavanoids,h14,-0.9540885698007138
mlp,1,peso,flavanoids,h15,-0.8829766449452304
mlp,1,peso,flavanoids,h16,-0.4534432217896285
mlp,1,peso,nonflavanoid_phenols,h1,-0.0296066210293997
mlp,1,peso,nonflavanoid_phenols,h2,-0.053452727189211874
mlp,1,peso,nonflavanoid_phenols,h3,0.017004694968566488
mlp,1,peso,nonflavanoid_phenols,h4,0.06653234314719535
mlp,1,peso,nonflavanoid_phenols,h5,0.009491342683717813
mlp,1,peso,nonflavanoid_phenols,h6,-0.11283740102909318
mlp,1,peso,nonflavanoid_phenols,h7,0.22684160404598636
mlp,1,peso,nonflavanoid_phenols,h8,-0.1051205447230256
mlp,1,peso,nonflavanoid_phenols,h9,0.54289696632859
mlp,1,peso,nonflavanoid_phenols,h10,-0.07845304508515319
mlp,1,peso,nonflavanoid_phenols,h11,0.13041797934938504
mlp,1,peso,nonflavanoid_phenols,h12,0.0665346901862951
mlp,1,peso,nonflavanoid_phenols,h13,0.11104273639395532
mlp,1,peso,nonflavanoid_phenols,h14,-0.2156274437572181
mlp,1,peso,nonflavanoid_phenols,h15,-0.038182334067078195
mlp,1,peso,nonflavanoid_phenols,h16,-0.12387983817277051
mlp,1,peso,proanthocyanins,h1,-0.11362441070033281
mlp,1,peso,proanthocyanins,h2,-0.5298883214432636
mlp,1,peso,proanthocyanins,h3,0.6459193549674791
mlp,1,peso,proanthocyanins,h4,0.16878438397701548
mlp,1,peso,proanthocyanins,h5,0.3405294997127132
mlp,1,peso,proanthocyanins,h6,-0.3549609774477016
mlp,1,peso,proanthocyanins,h7,0.6335920272079454
mlp,1,peso,proanthocyanins,h8,-0.654420743987438
mlp,1,peso,proanthocyanins,h9,-0.30249047288328296
mlp,1,peso,proanthocyanins,h10,-0.47167553018377095
mlp,1,peso,proanthocyanins,h11,0.5924936902387349
mlp,1,peso,proanthocyanins,h12,-0.23431895070598716
mlp,1,peso,proanthocyanins,h13,0.5326205031022713
mlp,1,peso,proanthocyanins,h14,-0.479245137695739
mlp,1,peso,proanthocyanins,h15,0.3069671622767143
mlp,1,peso,proanthocyanins,h16,-0.6325447137240645
mlp,1,peso,color_intensity,h1,-1.0269206914136717
mlp,1,peso,color_intensity,h2,0.6859572574986144
mlp,1,peso,color_intensity,h3,-0.8798937612843356
mlp,1,peso,color_intensity,h4,0.04726904720971951
mlp,1,peso,color_intensity,h5,-0.43829377049821344
mlp,1,peso,color_intensity,h6,0.16019093966198358
mlp,1,peso,color_intensity,h7,-0.9028408100204641
mlp,1,peso,color_intensity,h8,0.8248125941331836
mlp,1,peso,color_intensity,h9,0.6181312873294641
mlp,1,peso,color_intensity,h10,0.9937109761334383
mlp,1,peso,color_intensity,h11,-0.8653065429301071
mlp,1,peso,color_intensity,h12,-0.08988564656377851
mlp,1,peso,color_intensity,h13,-0.8858849951855987
mlp,1,peso,color_intensity,h14,0.9907613143253904
mlp,1,peso,color_intensity,h15,-0.16179562785992252
mlp,1,peso,color_intensity,h16,1.2767921667388757
mlp,1,peso,hue,h1,0.552512519681728
mlp,1,peso,hue,h2,-0.8119117667988567
mlp,1,peso,hue,h3,0.848631497468187
mlp,1,peso,hue,h4,-0.21165300714053184
mlp,1,peso,hue,h5,0.025091547463150204
mlp,1,peso,hue,h6,0.15637090055728664
mlp,1,peso,hue,h7,0.93123348193373
mlp,1,peso,hue,h8,-1.0110194953571001
mlp,1,peso,hue,h9,-0.8245176988784845
mlp,1,peso,hue,h10,-0.8703804567892055
mlp,1,peso,hue,h11,1.0396602152192624
mlp,1,peso,hue,h12,-0.13732846404180987
mlp,1,peso,hue,h13,0.9351405403727053
mlp,1,peso,hue,h14,-0.92466085974179
mlp,1,peso,hue,h15,0.020033202203258865
mlp,1,peso,hue,h16,-1.175491284386699
mlp,1,peso,od280/od315_of_diluted_wines,h1,0.648290949684007
mlp,1,peso,od280/od315_of_diluted_wines,h2,-0.14499663142874372
mlp,1,peso,od280/od315_of_diluted_wines,h3,0.04547409570019129
mlp,1,peso,od280/od315_of_diluted_wines,h4,-0.785888533073101
mlp,1,peso,od280/od315_of_diluted_wines,h5,-0.6527701354465753
mlp,1,peso,od280/od315_of_diluted_wines,h6,0.6282400038873731
mlp,1,peso,od280/od315_of_diluted_wines,h7,0.37352757827601557
mlp,1,peso,od280/od315_of_diluted_wines,h8,-0.09832633328207994
mlp,1,peso,od280/od315_of_diluted_wines,h9,-0.7733324430349254
mlp,1,peso,od280/od315_of_diluted_wines,h10,-0.0388291462689763
mlp,1,peso,od280/od315_of_diluted_wines,h11,0.21914365481452094
mlp,1,peso,od280/od315_of_diluted_wines,h12,0.7674987345172908
mlp,1,peso,od280/od315_of_diluted_wines,h13,0.4270765798255749
mlp,1,peso,od280/od315_of_diluted_wines,h14,-0.4116905409342282
mlp,1,peso,od280/od315_of_diluted_wines,h15,-0.8707586867151828
mlp,1,peso,od280/od315_of_diluted_wines,h16,0.09454830882884592
mlp,1,peso,proline,h1,0.5836009602281266
mlp,1,peso,proline,h2,1.1196524212102876
mlp,1,peso,proline,h3,-1.2461449091168102
mlp,1,peso,proline,h4,-0.7647806159808564
mlp,1,peso,proline,h5,-0.7483287063872541
mlp,1,peso,proline,h6,1.1280915815266463
mlp,1,peso,proline,h7,-0.943032873847343
mlp,1,peso,proline,h8,1.1786764746232876
mlp,1,peso,proline,h9,-0.4936161047636143
mlp,1,peso,proline,h10,0.8946527001877437
mlp,1,peso,proline,h11,-1.2479667621235178
mlp,1,peso,proline,h12,1.1935024747103704
mlp,1,peso,proline,h13,-0.38581431675100614
mlp,1,peso,proline,h14,0.3378582952499046
mlp,1,peso,proline,h15,-1.0795861557266475
mlp,1,peso,proline,h16,1.3514116244095011
mlp,1,sesgo,1,h1,0.7227440702451767
mlp,1,sesgo,1,h2,0.27480191120009495
mlp,1,sesgo,1,h3,-0.2858511026412451
mlp,1,sesgo,1,h4,0.38069176094053153
mlp,1,sesgo,1,h5,0.6152547468283673
mlp,1,sesgo,1,h6,-0.547898373600369
mlp,1,sesgo,1,h7,0.2632858561499705
mlp,1,sesgo,1,h8,-0.3422016715042687
mlp,1,sesgo,1,h9,-0.5846838543437319
mlp,1,sesgo,1,h10,0.21687712186750496
mlp,1,sesgo,1,h11,-0.2826972388325927
mlp,1,sesgo,1,h12,-0.75713538636008
mlp,1,sesgo,1,h13,1.3938757875271899
mlp,1,sesgo,1,h14,-1.1320686591690081
mlp,1,sesgo,1,h15,0.6561350522409176
mlp,1,sesgo,1,h16,0.25476460862078365
mlp,2,peso,h1,h1,-1.038983260164623
mlp,2,peso,h1,h2,-0.2578649209244847
mlp,2,peso,h1,h3,1.2692856833162494
mlp,2,peso,h1,h4,0.6421787649251587
mlp,2,peso,h1,h5,0.157180065452523
mlp,2,peso,h1,h6,0.16419217975947994
mlp,2,peso,h1,h7,0.825485669386264
mlp,2,peso,h1,h8,-1.332590960206004
mlp,2,peso,h2,h1,-0.43290860533669906
mlp,2,peso,h2,h2,-1.0053171097796185
mlp,2,peso,h2,h3,-0.2972166315619393
mlp,2,peso,h2,h4,0.9424078180740317
mlp,2,peso,h2,h5,-1.124452824971994
mlp,2,peso,h2,h6,-1.2439417576836294
mlp,2,peso,h2,h7,0.5928394384634509
mlp,2,peso,h2,h8,0.46982673663856284
mlp,2,peso,h3,h1,0.8909690362021785
mlp,2,peso,h3,h2,0.9566602665524736
mlp,2,peso,h3,h3,0.563024190955494
mlp,2,peso,h3,h4,-0.962654515764358
mlp,2,peso,h3,h5,0.4578827122681256
mlp,2,peso,h3,h6,0.9389943000049045
mlp,2,peso,h3,h7,-0.8543648585608205
mlp,2,peso,h3,h8,-0.468758406209781
mlp,2,peso,h4,h1,1.2791301469035075
mlp,2,peso,h4,h2,0.17975967398737244
mlp,2,peso,h4,h3,-0.6221735418329939
mlp,2,peso,h4,h4,-1.181929264080161
mlp,2,peso,h4,h5,0.33078048427134465
mlp,2,peso,h4,h6,-0.07955602812834214
mlp,2,peso,h4,h7,-1.076077633827528
mlp,2,peso,h4,h8,0.46703367380056093
mlp,2,peso,h5,h1,1.2563057821772272
mlp,2,peso,h5,h2,0.5074606432104777
mlp,2,peso,h5,h3,-0.30793223951644366
mlp,2,peso,h5,h4,-1.3575533925893466
mlp,2,peso,h5,h5,0.5736618062352432
mlp,2,peso,h5,h6,0.6889161558690825
mlp,2,peso,h5,h7,-1.1104397563009158
mlp,2,peso,h5,h8,0.02548434229981221
mlp,2,peso,h6,h1,-0.6823585742144388
mlp,2,peso,h6,h2,-0.49698396189621546
mlp,2,peso,h6,h3,0.9947786332473791
mlp,2,peso,h6,h4,0.9476612707713269
mlp,2,peso,h6,h5,-0.6299392181142675
mlp,2,peso,h6,h6,-0.6673711323117755
mlp,2,peso,h6,h7,0.905840897096894
mlp,2,peso,h6,h8,-1.016266394428405
mlp,2,peso,h7,h1,0.007938747440414765
mlp,2,peso,h7,h2,0.9570235175697848
mlp,2,peso,h7,h3,0.9333687342602627
mlp,2,peso,h7,h4,-0.3857094455195751
mlp,2,peso,h7,h5,0.8890975120541516
mlp,2,peso,h7,h6,0.8309876020482643
mlp,2,peso,h7,h7,-0.13084046214408523
mlp,2,peso,h7,h8,-0.9126535691767703
mlp,2,peso,h8,h1,0.24151659262229774
mlp,2,peso,h8,h2,-1.0783820264029595
mlp,2,peso,h8,h3,-0.543116945300115
mlp,2,peso,h8,h4,0.34784086756533805
mlp,2,peso,h8,h5,-0.9477416902434566
mlp,2,peso,h8,h6,-1.208552309650674
mlp,2,peso,h8,h7,0.06892716396362059
mlp,2,peso,h8,h8,0.8442145535111869
mlp,2,peso,h9,h1,0.8381337235676497
mlp,2,peso,h9,h2,-0.20043810286438063
mlp,2,peso,h9,h3,-0.9692766115190087
mlp,2,peso,h9,h4,-1.2459816871857092
mlp,2,peso,h9,h5,0.06199011009450794
mlp,2,peso,h9,h6,-0.2450748409024465
mlp,2,peso,h9,h7,-1.071412589720536
mlp,2,peso,h9,h8,0.63559120257011
mlp,2,peso,h10,h1,-0.13092114876526448
mlp,2,peso,h10,h2,-1.128490345956985
mlp,2,peso,h10,h3,-0.18177300299216753
mlp,2,peso,h10,h4,0.4860586652810187
mlp,2,peso,h10,h5,-1.2335466328812392
mlp,2,peso,h10,h6,-0.901805607662955
mlp,2,peso,h10,h7,0.3129356584875205
mlp,2,peso,h10,h8,0.7409135250597859
mlp,2,peso,h11,h1,0.6506191865612017
mlp,2,peso,h11,h2,1.1220406878746991
mlp,2,peso,h11,h3,0.7335624425509244
mlp,2,peso,h11,h4,-0.9861267338467001
mlp,2,peso,h11,h5,1.013915197799124
mlp,2,peso,h11,h6,0.698509563813173
mlp,2,peso,h11,h7,-0.7805748459813588
mlp,2,peso,h11,h8,-1.243051304880449
mlp,2,peso,h12,h1,-1.1708487506206648
mlp,2,peso,h12,h2,-0.4034201934355507
mlp,2,peso,h12,h3,1.0668384791941876
mlp,2,peso,h12,h4,1.054178211416831
mlp,2,peso,h12,h5,-0.6486305314974442
mlp,2,peso,h12,h6,-0.7867263797582302
mlp,2,peso,h12,h7,0.5752899823290696
mlp,2,peso,h12,h8,-1.3436853993939861
mlp,2,peso,h13,h1,-0.768464147992368
mlp,2,peso,h13,h2,0.610605738888178
mlp,2,peso,h13,h3,1.1704551297631662
mlp,2,peso,h13,h4,0.17139422798784293
mlp,2,peso,h13,h5,0.7498687199336135
mlp,2,peso,h13,h6,0.7142046876142644
mlp,2,peso,h13,h7,0.47293975033466784
mlp,2,peso,h13,h8,-1.213880318310552
mlp,2,peso,h14,h1,0.8327440821629066
mlp,2,peso,h14,h2,-0.9389313122241688
mlp,2,peso,h14,h3,-0.7690369389462464
mlp,2,peso,h14,h4,-0.37807780346366326
mlp,2,peso,h14,h5,-1.0685910920966681
mlp,2,peso,h14,h6,-0.954386284139371
mlp,2,peso,h14,h7,-0.9136854530188122
mlp,2,peso,h14,h8,0.6752015021932358
mlp,2,peso,h15,h1,1.2658943988855182
mlp,2,peso,h15,h2,0.47370036908565516
mlp,2,peso,h15,h3,-0.5022380702779641
mlp,2,peso,h15,h4,-1.4459252271541163
mlp,2,peso,h15,h5,0.49113928691531367
mlp,2,peso,h15,h6,0.3537159647996377
mlp,2,peso,h15,h7,-1.1376388211580666
mlp,2,peso,h15,h8,0.16458056908009164
mlp,2,peso,h16,h1,-0.3669112522232098
mlp,2,peso,h16,h2,-0.9896418994710646
mlp,2,peso,h16,h3,-0.24819442302969733
mlp,2,peso,h16,h4,0.5470058958114287
mlp,2,peso,h16,h5,-1.1412311176071201
mlp,2,peso,h16,h6,-0.9438596552055496
mlp,2,peso,h16,h7,0.34273155692453305
mlp,2,peso,h16,h8,0.9905986412076457
mlp,2,sesgo,1,h1,-0.043591980934373845
mlp,2,sesgo,1,h2,-0.3815115615223495
mlp,2,sesgo,1,h3,0.09153564312335588
mlp,2,sesgo,1,h4,0.1406586172023797
mlp,2,sesgo,1,h5,-0.3563956436737107
mlp,2,sesgo,1,h6,-0.0013437428854142274
mlp,2,sesgo,1,h7,0.161687327154409
mlp,2,sesgo,1,h8,-0.37979292642567225
mlp,3,peso,h1,clase_0,-1.215817897719207
mlp,3,peso,h1,clase_1,-0.12180340859556622
mlp,3,peso,h1,clase_2,1.050133276474076
mlp,3,peso,h2,clase_0,-0.6488269321346241
mlp,3,peso,h2,clase_1,1.20598288252028
mlp,3,peso,h2,clase_2,-0.6368637173129734
mlp,3,peso,h3,clase_0,1.2736616784495893
mlp,3,peso,h3,clase_1,0.39085725697829604
mlp,3,peso,h3,clase_2,-1.3486780559203875
mlp,3,peso,h4,clase_0,0.7324287040846992
mlp,3,peso,h4,clase_1,-1.3761852237036054
mlp,3,peso,h4,clase_2,-0.80797338181858
mlp,3,peso,h5,clase_0,-1.1551392169109236
mlp,3,peso,h5,clase_1,1.1045001072768463
mlp,3,peso,h5,clase_2,-1.0389816003898964
mlp,3,peso,h6,clase_0,-0.9473721135304032
mlp,3,peso,h6,clase_1,1.2683019628768133
mlp,3,peso,h6,clase_2,-1.1640204530362817
mlp,3,peso,h7,clase_0,1.3138867301124781
mlp,3,peso,h7,clase_1,-0.9913127846453853
mlp,3,peso,h7,clase_2,-1.0750582711148813
mlp,3,peso,h8,clase_0,-0.5388203060038027
mlp,3,peso,h8,clase_1,-0.8849440849109301
mlp,3,peso,h8,clase_2,1.5580492985970695
mlp,3,sesgo,1,clase_0,-0.023642472799887165
mlp,3,sesgo,1,clase_1,-0.32131275217442984
mlp,3,sesgo,1,clase_2,0.5554793289526154
